Data Source,世界发展指标,,,,,,,,,,,,,,,,,,,,,,,,,,,,,,,,,,,,,,,,,,,,,,,,,,,,,,,,,,,
,,,,,,,,,,,,,,,,,,,,,,,,,,,,,,,,,,,,,,,,,,,,,,,,,,,,,,,,,,,,
Last Updated Date,2017/6/30,,,,,,,,,,,,,,,,,,,,,,,,,,,,,,,,,,,,,,,,,,,,,,,,,,,,,,,,,,,
,,,,,,,,,,,,,,,,,,,,,,,,,,,,,,,,,,,,,,,,,,,,,,,,,,,,,,,,,,,,
Country Name,Country Code,Indicator Name,Indicator Code,1960,1961,1962,1963,1964,1965,1966,1967,1968,1969,1970,1971,1972,1973,1974,1975,1976,1977,1978,1979,1980,1981,1982,1983,1984,1985,1986,1987,1988,1989,1990,1991,1992,1993,1994,1995,1996,1997,1998,1999,2000,2001,2002,2003,2004,2005,2006,2007,2008,2009,2010,2011,2012,2013,2014,2015,2016
中国,CHN,65岁和65岁以上的人口（占总人口的百分比）,SP.POP.65UP.TO.ZS,3.650157605,3.668973453,3.62835904,3.548614395,3.455086827,3.357472113,3.422968139,3.493323144,3.561175361,3.617572636,3.661576714,3.73123584,3.798151815,3.861811764,3.924052071,3.987420797,4.088809539,4.187931659,4.287470704,4.389190045,4.493133778,4.629038249,4.75563823,4.871867245,4.973616241,5.058091724,5.130566018,5.183652042,5.227088134,5.276208632,5.341950945,5.409847342,5.502947056,5.613442461,5.730578305,5.850684214,6.023694369,6.184011112,6.337573521,6.492491622,6.650726547,6.829778016,7.005524845,7.177537252,7.340263483,7.492331173,7.632393727,7.770534712,7.913119167,8.068971517,8.246020354,8.446428846,8.654204825,8.889287515,9.182680848,9.551206566,10.0029485
